KOD,NAZEV,LATNAZEV,ANAZEV,DOD,DDO,NEPLATNOST
N3303,Nábytkové inženýrství,,,,,
N3305,Stavby na bázi dřeva,,,,,
N3441,Polygrafie,,,,,
N3501,Architektura a urbanismus,,Architecture and Urbanism,,,
N3502,Architektura a stavitelství,,,,,
N3504,Architektura a rozvoj sídel,,,,,
N3602,Geomatika,,,,,
N3606,Vojenské stavby,,,,,
N3607,Stavební inženýrství,,Civil Engineering,,,
N3608,Pozemní stavby a architektura,,,,,
N3609,Stavitelství,,,,,
N3646,Geodézie a kartografie,,,,,
N3647,Stavebnictví,,,,,
N3648,Civil Engineering,,Civil Engineering,,,
N3649,Budovy a prostředí,,,,,
N3650,Buildings and Environment,,Buildings and Environment,,,
N3652,Bezpečnostní a rizikové inženýrství,,,,,
N3654,"Geodézie, kartografie a geoinformatika",,,,,
N3706,Dopravní a spojová infrastruktura,,,,,
N3707,Ekonomika a řízení v dopravě a spojích,,,,,
N3708,Dopravní inženýrství a spoje,,,,,
N3709,Dopravní technologie a spoje,,,,,
N3710,Technika a technologie v dopravě a spojích,,,,,
N3711,Automatizace a řízení v dopravě a spojích,,,,,
N3713,Logistika,,,,,
N3901,Aplikované vědy v inženýrství,,,,,
N3902,Inženýrská informatika,,"Computer Science and Engineering, Engineering Informatics",,,
N3903,Kybernetika a řídící technika,,,,,
N3904,Inženýrská ekologie,,,,,
N3906,Speciální technologie,,,,,
N3907,Energetika,,,,,
N3908,Požární ochrana a průmyslová bezpečnost,,,,,
N3909,Procesní inženýrství,,Process Engineering,,,
N3910,Fyzikální a materiálové inženýrství,,,,,
N3911,Materiálové vědy,,,,,
N3912,Speciální chemicko-biologické obory,,Special Chemical and Biological Programmes,,,
N3913,Aplikace přírodních věd,,,,,
N3914,Krajinné inženýrství,,Landscape Engineering,,,
N3915,Krajinářství,,,,,
N3916,Biomedicínské inženýrství - bionika,,,,,
N3917,Soudní inženýrství,,,,,
N3918,Aplikované vědy a informatika,,Applied Sciences and Computer Engineering,,,
N3919,Biomechanika,,Biomechanics,,,
N3921,Biomedicínská a klinická technika,,Biomedical and Clinical Technology,,,
N3922,Ekonomika a řízení průmyslových systémů,,Economics and Management of Industrial Systems,,,
N3923,Materiálové inženýrství,,Materials Engineering,,,
N3926,Vojenské technologie,,Military Technology,,,
N3927,Podnikání a komerční inženýrství v průmyslu,,Entepreneurship and Commercial Engineering in Industry,,,
N1510,Mikrobiologie,,Microbiology,,,
N3931,Environmentální vědy,,Environmental Science,,,
N3942,Nanotechnologie,,,,,
N3943,Mechatronika,,Mechatronics,,,
N3946,Inteligentní budovy,,,,,
N3948,Aplikovaná inženýrská informatika,,Applied Engineering Informatics,,,
N3949,Řízení rozvojových projektů,,,,,
N3950,Rizikové inženýrství,,,,,
N3951,Jaderná energetická zařízení,,,,,
N3952,Biomedicínské inženýrství a bioinformatika,,,,,
N3954,Biomedicínské inženýrství a informatika,,Biomedical Engineering and Informatics,,,
N3955,Počítačové modelování v inženýrství,,Computer Modelling in Engineering,,,
N3957,Průmyslové inženýrství,,,,,
N3958,Letectví a kosmonautika,,Aeronautics and Astronautics,,,
N3963,Biomedicínské inženýrství,,,,,
N4101,Zemědělské inženýrství,,Agricultural Engineering,,,
N4102,Fytotechnika,,Crop Science,,,
N4103,Zootechnika,,"Animal Science, Animal Breeding",,,
N4106,Zemědělská specializace,,Agricultural Specialization,,,
N4107,Lesní inženýrství,,Forestry Engineering,,,
N4108,Zahradnické inženýrství,,Hortical Engineering,,,
N4109,Zahradní a krajinářská architektura,,,,,
N4110,Technology and Environmental Engineering,,Technology and Environmental Engineering,,,
N4114,Biotechnologie,,,,,
N4144,Zahradnictví,,,,,
N4145,Kvalita a zpracování zemědělských produktů,,,,,
N4146,Hodnocení a ochrana půdy,,,,,
N4147,Udržitelné využívání přírodních zdrojů,,Sustainable Use of Natural Resources,,,
N4148,"Zemědělství, zahradnictví a rozvoj venkova",,,,,
N4149,Rozvoj venkova a zemědělství,,,,,
N4150,Genové technologie a šlechtění,,,,,
N4151,Péče o biosféru,,,,,
N4152,Rostlinolékařství,,,,,
N4153,Natural Resources and Environment (Přírodní zdroje a životní prostředí),,Natural Resources and Environment (Přírodní zdroje a životní prostředí),,,
N4157,Tropical Agriculture (Tropické zemědělství),,Tropical Agriculture (Tropické zemědělství),,,
N4158,European Forestry,,European Forestry,,,
N4159,Ovocnictví,,Fruit Science,,,
N4160,Technické znalectví a expertní inženýrství,,,,,
N4162,Ekologické zemědělství,,,,,
N4163,Sustainable Agriculture and Food Security,,Sustainable Agriculture and Food Security,,,
N4164,Natural Resources Management and Ecological Engineering,,,,,
N4165,Výživa a potraviny,,,,,
N4168,Horticultural Engineering,,Horticultural Engineering,,,
N4170,Ochrana a využívání přírodních zdrojů,,,,,
N4301,Veterinární lékařství,,,,,
N4302,Veterinární hygiena a ekologie,,Veterinary Hygiene and Ecology,,,
N5103,Všeobecné lékařství,,,,,
N5104,Stomatologie,,Dentistry,,,
N5105,Experimentální chirurgie,,Experimental Surgery,,,
N5106,Fyziologie a patofyziologie člověka,,Human Physiology and Pathophysiology,,,
N5107,Gerontologie,,Gerontologogy,,,
N5108,Neurovědy,,Neurosciences,,,
N5109,Preventivní medicína,,Preventive Medicine,,,
N5135,Epidemiologie,,Epidemiology,,,
N5206,Farmacie,,Pharmacy,,,
N5207,Zdravotnická bioanalytika,,Healthcare bioanalytics,,,
N5208,Farmakologie a toxikologie,,Pharmacology and Toxicology,,,
N5341,Ošetřovatelství,,Nursing,,,
N5342,Rehabilitace,,,,,
N5345,Specializace ve zdravotnictví,,Specializations in Health Service,,,
N5346,Ekonomika a řízení zdravotnictví,,,,,
N5347,Veřejné zdravotnictví,,,,,
N5348,Specializace ve zdravotnictví (kombinované),,,,,
N5350,Zdravotně sociální péče,,,,,
N6101,Filozofie,,Philosophie,,,
N6107,Humanitní studia,,Humanities,,,
N6141,Teologie,,Theology,,,
N6142,Logika,,Logic,,,
N6143,Humanitní studia (tříleté),,,,,
N6145,Humanitní vědy,,Humanities,,,
N6146,Cultural Studies,,Cultural Studies,,,
N6201,Ekonomické teorie,,Economics,,,
N6202,Hospodářská politika a správa,,Economic Policy and Administration,,,
N6207,Kvantitativní metody v ekonomice,,,,,
N6208,Ekonomika a management,,Economics and Management,,,
N6209,Systémové inženýrství a informatika,,Engineering and Informatics,,,
N6210,Mezinárodní ekonomické vztahy,,International Economic Relations,,,
N6213,Ekonomika a insolvence,,,,,
N6214,Regionální rozvoj,,Regional Development,,,
N6215,Bankovnictví,,,,,
N6216,Ekonomie a hospodářská správa,,Economics and Economic Administration,,,
N6217,Finance a účetnictví,,Finance and Accountancy,,,
N6219,Economics of International Trade and European Integration,,Economics of International Trade and European Integration,,,
N6220,Finance and Accounting for Common Europe,,Finance and Accounting for Common Europe,,,
N6223,Economic Policy and Administration,,Economic Policy and Administration,,,
N6226,"ARIMA, Quantitative Asset and Risk Management",,"ARIMA, Quantitative Asset and Risk Management",,,
N6227,Business and Law in International Markets,,Business and Law in International Markets,,,
N6233,Economic Policy and Public Administration,,Economic Policy and Public Administration,,,
N6235,Economics of Globalisation and European Integration,,Economics of Globalisation and European Integration,,,
N6236,Finance and Accounting,,Finance and Accounting,,,
N6237,Regional and European Project Management,,,,,
N6501,Řízení cestovního ruchu,,,,,
N6502,"Hotelnictví, gastronomie a lázeňství",,,,,
N6503,"Gastronomie, hotelnictví a turismus",,"Hospitality Management, Gastronomy and Tourism",,,
N6701,Politologie,,Political Science,,,
N6702,Mezinárodní teritoriální studia,,International Territorial Studies,,,
N6703,Sociologie,,Sociology,,,
N6704,International Relations and Diplomacy,,International Relations and Diplomacy,,,
N6731,Sociální politika a sociální práce,,Social Policy and Social Work,,,
N6732,Politologie (kombinované),,,,,
N6733,Sociologie (kombinované),,,,,
N6734,Sociální politika a sociální práce (kombinované),,,,,
N6735,Mezinárodní teritoriální studia (kombinované),,,,,
N6736,International Economic and Political Studies (Mezinárodní ek.a polit.studia),,International Economic and Political Studies,,,
N6737,Humanitní environmentalistika,,,,,
N6738,Mezinárodní a veřejné vztahy,,,,,
N6740,Applied Sociology and Public Policy,,Applied Sociology and Public Policy,,,
N6741,Humanitní environmentalistika (tříleté),,,,,
N6744,International Area Studies,,,,,
N6801,Teoretické právní vědy,,,,,
N6804,Právní specializace,,,,,
N6805,Právo a právní věda,,,,,
N6806,Bezpečnostně právní studia,,,,,
N6807,Veřejná správa,,Public Policy,,,
N6812,Soukromoprávní studia,,,,,
N7105,Historické vědy,,History,,,
N7106,Historická studia,,,,,
N7109,Archeologie,,,,,
N7201,Informační studia a knihovnictví,,Information and Library Studies,,,
N7202,Mediální a komunikační studia,,Media and Communication Studies,,,
N7203,Mediální a komunikační studia (kombinované),,,,,
N7310,Filologie,,Philology,,,
N7311,Anglistika - amerikanistika,,English and American Studies,,,
N7312,Čeština v komunikaci neslyšících,,Deaf Studies,,,
N7313,Překladatelství a tlumočnictví,,Translation and Interpreting,,,
N7401,Tělesná výchova a sport,,Physical Education and Sport,,,
N7403,Kinantropologie,,Kinanthropology,,,
N7501,Pedagogika,,Pedagogy,,,
N7502,Sociální péče,,,,,
N7503,Učitelství pro základní školy,,,,,
N7504,Učitelství pro střední školy,,Teacher Training for Secondary Schools,,,
N7505,Vychovatelství,,,,,
N7506,Speciální pedagogika,,Special Education,,,
N7507,Specializace v pedagogice,,Specialization in Education,,,
N7508,Sociální práce,,Social Work,,,
N7510,Učitelství pro střední školy a vyšší odborné školy,,,,,
N7531,Předškolní a mimoškolní pedagogika,,,,,
N7534,Učitelství pro střední školy (tříleté),,,,,
N7535,Erasmus Mundus - Special Education Needs,,Erasmus Mundus - Special Education Needs,,,
N7539,Special and Inclusive Education (Erasmus Mundus),,Special and Inclusive Education (Erasmus Mundus),,,
N7701,Psychologie,,Psychology,,,
N7702,Psychologie (kombinované),,,,,
N8101,Teorie a dějiny výtvarných umění,,,,,
N8102,Teorie a dějiny hudebního umění,,,,,
N8103,Teorie a dějiny tanečního umění,,,,,
N8104,"Teorie a dějiny divadla, filmu a masmédií",,,,,
N8106,Teorie a dějiny literatury,,,,,
N8109,Obecná teorie a dějiny umění a kultury,,Theory and History of Art and Culture,,,
N8110,Teorie a dějiny hudby,,,,,
N8201,Hudební umění,,,,,
N8202,Taneční umění,,,,,
N8203,Dramatická umění,,,,,
N8204,"Filmové, televizní a fotografické umění a nová média",,,,,
N8206,Výtvarná umění,,,,,
N8207,Literární tvorba,,,,,
N8208,Design,,,,,
N8209,Teorie a praxe audiovizuální tvorby,,,,,
N8210,Visual Arts,,Visual Arts,,,
N8211,"Film, Television and Photography",,"Film, Television and Photography",,,
N8213,Design nábytku,,,,,
N8214,Mediální tvorba,,,,,
N8215,Dramatická umění (tříleté),,,,,
N8217,"Film, Television and Photography (tříleté)",,,,,
N8218,"Filmové, televizní a fotografické umění a nová média (tříleté)",,,,,
N9101,Teorie obrany státu,,,,,
N9107,Vojenská geodézie a kartografie,,,,,
N9108,Vojenská logistika,,,,,
N9109,Teorie řízení a bojového použití jednotek pozemního vojska,,,,,
N9111,Ochrana vojsk a obyvatelstva,,,,,
N9115,Vojenské specializace,,,,,
N9116,Teorie řízení a použití jednotek a útvarů pozem. sil a sil územní obrany Armády ČR,,,,,
N9117,Teorie řízení a použití jednotek a útvarů pozemního vojska a sil územní obrany,,,,,
N9507,Vojenský zdravotnický management,,,,,
P1101,Matematika,,Mathematics,,,
P1102,Matematika (čtyřletá),,,,,
P1103,Aplikovaná matematika,,Applied Mathematics,,,
P1104,Aplikovaná matematika (čtyřleté),,Applied Mathematics (čtyřleté),,,
P1201,Geologie,,Geology,,,
P1202,Aplikovaná geologie,,Applied Geology,,,
P1203,Geologie (čtyřletá),,,,,
P1301,Geografie,,,,,
P1302,Kartografie,,,,,
P1303,Demografie,,Demography,,,
P1304,Geografie a kartografie,,,,,
P1305,Aplikovaná geografie,,,,,
P1306,Fyzická geografie a geoekologie,,Physical Geography and Geoecology,,,
P1307,Kartografie a geoinformatika,,,,,
P1308,Regionální a politická geografie,,Regional and Political Geography,,,
P1309,Sociální geografie a regionální rozvoj,,Social Geography and Regional Development,,,
P1310,"Kartografie, geoinformatika a dálkový průzkum Země",,"Cartography, Geoinformatics and Remote Sensing",,,
P1314,Geografie (čtyřletá),,,,,
P1315,Obecné otázky geografie,,General Issues in Geography,,,
P1401,Anorganická chemie,,Inorganic Chemistry,,,
P1402,Organická chemie,,Organic Chemistry,,,
P1403,Analytická chemie,,Analytical Chemistry,,,
P1404,Fyzikální chemie,,Physical Chemistry,,,
P1405,Makromolekulární chemie,,Macromolecular Chemistry,,,
P1406,Biochemie,,Biochemistry,,,
P1407,Chemie,,Chemistry,,,
P1408,Jaderná chemie,,,,,
P1409,Aplikovaná biochemie,,,,,
P1410,Biochemie (tříleté),,,,,
P1411,Chemie (tříleté),,,,,
P1412,Biochemie a patobiochemie,,Biochemistry and Pathobiochemistry,,,
P1414,Vzdělávání v chemii,,Education in Chemistry,,,
P1415,Modelování chemických vlastností nano- a biostruktur,,Modelling of Chemical Properties of Nano- and Biostructures,,,
P1416,Biochemie (čtyřletá),,,,,
P1417,Chemie (čtyřletá),,Chemistry,,,
P1418,Anorganická chemie (čtyřleté),,,,,
P1419,Analytická chemie (čtyřleté),,,,,
P1420,Fyzikální chemie (čtyřleté),,,,,
P1421,Organická chemie (čtyřleté),,,,,
P1422,Makromolekulární chemie (čtyřleté),,,,,
P1423,Didaktika chemie,,Didactics of Chemistry,,,
P1501,Biologie,,Biology,,,
P1502,Zoologie,,Zoology,,,
P1504,Genetika,,,,,
P1507,Botanika,,Botany,,,
P1510,Mikrobiologie,,Microbiology,,,
P1511,Fyziologie a imunologie,,,,,
P1512,Antropologie,,Anthropology,,,
P1513,Biofyzika,,,,,
P1514,Ekologie,,Ecology,,,
P1515,Molekulární a buněčná biologie,,,,,
P1516,Biologie a patologie buňky,,Cell Biology and Pathology,,,
P1517,Imunologie,,Immunology,,,
P1519,"Molekulární a buněčná biologie, genetika a virologie",,"Molecular and Cellular Biology, Genetics and Virology",,,
P1520,Vývojová biologie,,Developmental Biology,,,
P1521,Fyziologie živočichů,,Animal Physiology,,,
P1522,Parazitologie,,Parasitology,,,
P1523,Biologie člověka,,,,,
P1524,Anatomie a fyziologie rostlin,,Plant Anatomy and Physiology,,,
P1525,Antropologie a genetika člověka,,Anthropology and Human Genetics,,,
P1526,Teoretická a evoluční biologie,,Theoretical and Evolutionary Biology,,,
P1527,Biologie (čtyřleté),,,,,
P1528,Mikrobiologie (čtyřleté),,Microbiology,,,
P1529,Vývojová a buněčná biologie,,Developmental and Cell Biology,,,
P1532,Vědy o živé přírodě,,,,,
P1601,Ekologie a ochrana prostředí,,Ecology and Environmental Protection,,,
P1602,Environmentální studia,,Environmental Studies,,,
P1603,Ekologie,,,,,
P1604,Ochrana prostředí,,,,,
P1606,Ekologie a ochrana prostředí (čtyřleté),,Ecology and Enviromental Protection (čtyřleté),,,
P1701,Fyzika,,Physics,,,
P1702,Aplikovaná fyzika,,,,,
P1703,Fyzika (čtyřletá),,,,,
P1801,Informatika,,Informatics,,,
P1802,Aplikovaná informatika,,Applied Informatics,,,
P1803,Informatika a druhý obor,,,,,
P1804,Biomedicínská informatika,,Biomedical Informatics,,,
P1805,Informatika (čtyřletá),,,,,
P1807,"Informatika, komunikační technologie a aplikovaná matematika",,,,,
P2101,Hornictví a geologie,,,,,
P2102,Nerostné suroviny,,Mineral Raw Materials,,,
P2106,Metalurgie,,Metallurgy,,,
P2108,Metalurgická technologie,,,,,
P2109,Metalurgické inženýrství,,Metallurgical Engineering,,,
P2110,Geologické inženýrství,,,,,
P2111,Hornictví,,,,,
P2112,Řízení výrobních procesů,,,,,
P2114,Metalurgie (čtyřleté),,Metallurgy (čtyřleté),,,
P2301,Strojní inženýrství,,Mechanical engineering,,,
P2302,Stroje a zařízení,,Machines and equipment,,,
P2303,Strojírenská technologie,,Engineering technology,,,
P2304,Vojenská technika strojní,,,,,
P2305,Strojírenství se zaměřením na ekonomiku a řízení,,,,,
P2306,Letecká a raketová technika,,,,,
P2346,Strojní inženýrství (čtyřleté),,,,,
P2601,Slaboproudá elektrotechnika,,,,,
P2602,Elektrotechnologie,,,,,
P2608,Elektrotechnika se zaměřením na ekonomiku a řízení,,,,,
P2609,Elektrotechnická specializace,,,,,
P2611,Vojenská technika - elektrotechnická,,,,,
P2612,Elektrotechnika a informatika,,Electrical Engineering and Informatics,,,
P2613,Elektrotechnika a komunikační technologie,,,,,
P2642,Silnoproudá elektrotechnika,,,,,
P2643,"Elektrotechnika, elektronika, komunikační a řídicí technika",,,,,
P2644,Aplikovaná elektrotechnika,,,,,
P2645,"Elektrotechnika, sdělovací a výpočetní technika",,,,,
P2646,Informační technologie,,,,,
P2649,Elektrotechnika,,Electrical Engineering,,,
P2651,Výpočetní technika a informatika,,,,,
P2658,Výpočetní vědy,,Computational Sciences,,,
P2801,Chemie a chemické technologie,,Chemistry and Chemical Technologies,,,
P2802,Chemie a technická chemie,,,,,
P2804,Vojenská chemie,,,,,
P2805,Chemie a technologie ochrany životního prostředí,,Environmental Chemistry and Technology,,,
P2806,Spotřební chemie,,,,,
P2807,Chemické a procesní inženýrství,,Chemical and Process Engineering,,,
P2808,Chemie a technologie materiálů,,Chemistry and Technology of Materials,,,
P2810,Biochemie a biotechnologie,,Biochemistry and Biotechnology,,,
P2811,Chemie a technologie paliv,,Chemistry and Technology of Fuels,,,
P2812,Biotechnologie odpadů,,,,,
P2820,"Chemie, technologie a vlastnosti materiálů",,,,,
P2824,Syntéza a výroba léčiv,,Synthesis and Production of Drugs,,,
P2825,Ochrana obyvatelstva,,,,,
P2826,Technologie odpadů,,,,,
P2832,Chemie a chemické technologie (čtyřleté),,Chemistry and Chemical Technologies,,,
P2833,Chemie a technologie materiálů (čtyřleté),,Chemistry and Technology of Materials,,,
P2834,Chemie a technologie ochrany životního prostředí (čtyřleté),,Environmental Chemistry and Technology,,,
P2835,Chemie a technologie paliv a prostředí (čtyřleté),,Chemistry and Technology of Fuels and Environment,,,
P2836,Biochemie a biotechnologie (čtyřleté),,Biochemistry and Biotechnology,,,
P2837,Chemické a procesní inženýrství (čtyřleté),,Chemical and Process Engineering,,,
P2843,Chemistry and Technology,,,,,
P2901,Chemie a technologie potravin,,Food Chemistry and Technology,,,
P2906,Chemie a technologie potravin (čtyřleté),,Food Chemistry and Technology,,,
P3106,Textilní inženýrství,,Textile Engineering,,,
P3201,"Technologie a zařízení pro zpracování kůže, plastů a pryže",,,,,
P3301,Dřevařské inženýrství,,,,,
P3304,Procesy tvorby nábytku,,,,,
P3441,Polygrafie,,,,,
P3501,Architektura a urbanismus,,Architecture and Urbanism,,,
P3502,Architektura a stavitelství,,,,,
P3602,Geomatika,,,,,
P3606,Vojenské stavby,,,,,
P3607,Stavební inženýrství,,Civil Engineering,,,
P3608,Pozemní stavby a architektura,,,,,
P3646,Geodézie a kartografie,,,,,
P3647,Stavebnictví,,,,,
P3655,Stavební inženýrství (čtyřleté),,Civil Engineering (čtyřleté),,,
P3706,Dopravní a spojová infrastruktura,,,,,
P3707,Ekonomika a řízení v dopravě a spojích,,,,,
P3708,Dopravní inženýrství a spoje,,,,,
P3709,Dopravní technologie a spoje,,,,,
P3710,Technika a technologie v dopravě a spojích,,,,,
P3711,Automatizace a řízení v dopravě a spojích,,,,,
P3713,Logistika,,,,,
P3901,Aplikované vědy v inženýrství,,,,,
P3902,Inženýrská informatika,,Computer Science and Engineering,,,
P3903,Kybernetika a řídící technika,,,,,
P3904,Inženýrská ekologie,,,,,
P3906,Speciální technologie,,,,,
P3907,Energetika,,,,,
P3908,Požární ochrana a průmyslová bezpečnost,,,,,
P3909,Procesní inženýrství,,Process Engineering,,,
P3910,Fyzikální a materiálové inženýrství,,,,,
P3911,Materiálové vědy,,,,,
P3912,Speciální chemicko-biologické obory,,Special Chemical and Biological Programmes,,,
P3913,Aplikace přírodních věd,,,,,
P3914,Krajinné inženýrství,,Landscape Engineering,,,
P3916,Biomedicínské inženýrství - bionika,,,,,
P3917,Soudní inženýrství,,,,,
P3918,Aplikované vědy a informatika,,Applied Sciences and Computer Engineering,,,
P3919,Biomechanika,,Biomechanics,,,
P3920,Metrologie a zkušebnictví,,,,,
P3921,Biomedicínská a klinická technika,,Biomedical and Clinical Technology,,,
P3924,Materiálové vědy a inženýrství,,Materials Science and Engineering,,,
P3925,Řízení průmyslových systémů,,,,,
P3926,Vojenské technologie,,Military Technology,,,
P3929,Aplikovaná geoinformatika,,,,,
P3931,Environmentální vědy,,Environmental Science,,,
P3942,Nanotechnologie,,,,,
P3952,Biomedicínské inženýrství a bioinformatika,,,,,
P3962,Biomedicínské technologie a bioinformatika,,,,,
P4101,Zemědělské inženýrství,,Agricultural Engineering,,,
P4102,Fytotechnika,,Crop Science,,,
P4103,Zootechnika,,"Animal Science, Animal Breeding",,,
P4106,Zemědělská specializace,,Agricultural Specialization,,,
P4107,Lesní inženýrství,,Forestry Engineering,,,
P4108,Zahradnické inženýrství,,Hortical Engineering,,,
P4109,Zahradní a krajinářská architektura,,,,,
P4111,Zahradní a krajinná architektura,,,,,
P4114,Biotechnologie,,,,,
P4145,Kvalita a zpracování zemědělských produktů,,,,,
P4146,Hodnocení a ochrana půdy,,,,,
P4147,Udržitelné využívání přírodních zdrojů,,Sustainable Use of Natural Resources,,,
P4148,"Zemědělství, zahradnictví a rozvoj venkova",,,,,
P4149,Rozvoj venkova a zemědělství,,,,,
P4150,Genové technologie a šlechtění,,,,,
P4151,Péče o biosféru,,,,,
P4153,Natural Resources and Environment (Přírodní zdroje a životní prostředí),,Natural Resources and Environment (Přírodní zdroje a životní prostředí),,,
P4167,Plant Production,,Plant Production,,,
P4301,Veterinární lékařství,,,,,
P4302,Veterinární hygiena a ekologie,,Veterinary Hygiene and Ecology,,,
P5103,Všeobecné lékařství,,,,,
P5104,Stomatologie,,Dentistry,,,
P5105,Experimentální chirurgie,,Experimental Surgery,,,
P5106,Fyziologie a patofyziologie člověka,,Human Physiology and Pathophysiology,,,
P5107,Gerontologie,,Gerontologogy,,,
P5108,Neurovědy,,Neurosciences,,,
P5109,Preventivní medicína,,Preventive Medicine,,,
P5110,Lékařská biofyzika,,Medical Biophysics,,,
P5112,"Anatomie, histologie a embryologie",,"Anatomy, Histology and Embryology",,,
P5113,Fyziologie a patologická fyziologie,,Physiology and Pathological Physiology,,,
P5114,Gynekologie a porodnictví,,Gyneacology and Obstetrics,,,
P5115,"Hygiena, preventivní lékařství a epidemiologie",,"Hygiene, Preventive Medicine and Epidemiology",,,
P5116,Chirurgie,,Surgery,,,
P5117,Lékařská biologie,,Medical Biology,,,
P5118,Lékařská farmakologie,,Medical Pharmacology,,,
P5119,Lékařská genetika,,,,,
P5120,Lékařská chemie a biochemie,,Medical Chemistry and Biochemistry,,,
P5121,Lékařská imunologie,,Medical Immunology,,,
P5122,Lékařská mikrobiologie,,Medical Microbiology,,,
P5123,Neurologie,,Neurology,,,
P5124,Pediatrie,,Pediatrics,,,
P5125,Otorinolaryngologie a chirurgie hlavy a krku,,,,,
P5126,Patologická anatomie a soudní lékařství,,,,,
P5127,Psychiatrie,,Psychiatry,,,
P5128,Sociální lékařství,,Social Medicine,,,
P5129,Vnitřní nemoci,,Internal Medicine,,,
P5130,Zobrazovací metody,,,,,
P5131,Lékařská etika,,Medical Ethics,,,
P5132,Dějiny lékařství,,History of Medicine,,,
P5135,Epidemiologie,,Epidemiology,,,
P5136,Molekulární patologie,,Molecular Pathology,,,
P5137,Otorhinolaryngologie,,Otorhinolaryngology,,,
P5138,Vojenská hygiena,,,,,
P5139,Vojenská chirurgie,,,,,
P5140,Vojenská radiobiologie,,,,,
P5141,Vojenské vnitřní lékařství,,,,,
P5142,Klinická onkologie a radioterapie,,Clinical Oncology and Radiotherapy,,,
P5143,Neurologie a psychiatrie,,Neurology and psychiatry,,,
P5144,Dermatovenerologie,,Dermatology,,,
P5145,Patologie,,Pathological Anatomy,,,
P5146,Radiologie,,Radiology,,,
P5147,Oční lékařství,,Ophthalmology,,,
P5148,Urologie,,Urology,,,
P5149,Všeobecné lékařství (čtyřleté),,,,,
P5150,Zobrazovací metody v lékařství,,Imagine Methods in Medicine,,,
P5151,Klinická biochemie,,Clinical Biochemistry,,,
P5152,Lékařská biologie (čtyřleté),,,,,
P5153,Oftalmologie (čtyřleté),,,,,
P5154,"Anatomie, histologie a embryologie (čtyřleté)",,,,,
P5155,Stomatologie - Zubní lékařství (čtyřleté),,,,,
P5156,Fyziologie a patologická fyziologie (čtyřleté),,,,,
P5157,Lékařská farmakologie (čtyřleté),,,,,
P5158,Lékařská chemie a biochemie (čtyřleté),,,,,
P5159,Lékařská mikrobiologie a imunologie (čtyřleté),,,,,
P5160,Psychiatrie (čtyřleté),,,,,
P5161,Sociální lékařství (čtyřleté),,,,,
P5162,Onkologie (čtyřleté),,Oncology,,,
P5163,"Hygiena, preventivní lékařství (čtyřleté)",,"Hygiene, Preventive Medicine",,,
P5164,Otorinolaryngologie (čtyřleté),,,,,
P5165,Stomatologie (čtyřleté),,Stomatology (čtyřleté),,,
P5166,Lékařská mikrobiologie (čtyřleté),,,,,
P5167,"Anesteziologie, intenzivní medicína a algeziologie (čtyřleté)",,,,,
P5168,Gynekologie a porodnictví (čtyřleté),,,,,
P5169,"Hygiena, preventivní lékařství a epidemiologie (čtyřleté)",,,,,
P5170,Chirurgie (čtyřleté),,,,,
P5171,Vnitřní nemoci (čtyřleté),,,,,
P5172,Neurologie (čtyřleté),,,,,
P5173,Patologie (čtyřleté),,,,,
P5174,Pediatrie (čtyřleté),,,,,
P5175,Radiologie - zobrazovací metody (čtyřleté),,Radiology - Imagine Methods (čtyřleté),,,
P5176,Dermatovenerologie (čtyřleté),,,,,
P5177,Lékařská genetika (čtyřleté),,Medical Genetics (čtyřleté),,,
P5178,Lékařská imunologie (čtyřleté),,Medical Immunology (čtyřleté),,,
P5179,Zobrazovací metody (čtyřleté),,Imaging Methods (čtyřleté),,,
P5180,Patologická anatomie a soudní lékařství (čtyřleté),,Pathological Anatomy and Forensic Medicine (čtyřleté),,,
P5181,Lékařská biofyzika (čtyřleté),,,,,
P5182,Infekční biologie,,Infectious Biology,,,
P5183,Bioetika,,Bioethics,,,
P5184,Urologie (čtyřleté),,Urology (čtyřleté),,,
P5185,Ortopedie,,Orthopaedics,,,
P5186,Lékařská chemie a klinická biochemie,,Medical Chemistry and Clinical Biochemistry,,,
P5187,Sociální lékařství,,Social Medicine,,,
P5188,Neurovědy (čtyřleté),,Neurosciences (čtyřleté),,,
P5189,Preventivní medicína a ochrana veřejného zdraví,,,,,
P5190,Hematologie,,,,,
P5206,Farmacie,,Pharmacy,,,
P5207,Zdravotnická bioanalytika,,Healthcare Bioanalytics,,,
P5208,Farmakologie a toxikologie,,Pharmacology and Toxicology,,,
P5210,Toxikologie,,Toxicology,,,
P5341,Ošetřovatelství,,Nursing,,,
P5342,Rehabilitace,,,,,
P5345,Specializace ve zdravotnictví,,Specializations in Health Service,,,
P5346,Ekonomika a řízení zdravotnictví,,,,,
P5347,Veřejné zdravotnictví,,,,,
P5348,Specializace ve zdravotnictví (kombinované),,,,,
P6101,Filozofie,,Philosophie,,,
P6107,Humanitní studia,,Humanities,,,
P6141,Teologie,,Theology,,,
P6142,Logika,,Logic,,,
P6143,Humanitní studia (tříleté),,,,,
P6144,Filozofie a dějiny přírodních věd,,Philosophy and History of Sciences,,,
P6147,Filozofie (čtyřleté),,,,,
P6201,Ekonomické teorie,,Economics,,,
P6202,Hospodářská politika a správa,,Economic Policy and Administration,,,
P6207,Kvantitativní metody v ekonomice,,,,,
P6208,Ekonomika a management,,Economics and Management,,,
P6209,Systémové inženýrství a informatika,,Engineering and Informatics,,,
P6210,Mezinárodní ekonomické vztahy,,International Economic Relations,,,
P6216,Ekonomie a hospodářská správa,,Economics and Economic Administration,,,
P6217,Finance a účetnictví,,,,,
P3960,Pokročilé materiály a nanovědy,,,,,
P6223,Economic Policy and Administration,,Economic Policy and Administration,,,
P6224,Hospodářská politika a správa (čtyřleté),,,,,
P6228,Ekonomie a ekonometrie,,Economics and Econometrics,,,
P6229,Ekonomické teorie (čtyřleté),,,,,
P6230,Ekonomika a management (čtyřleté),,,,,
P6231,Finance a účetnictví (čtyřleté),,,,,
P6232,Kvantitativní metody v ekonomii,,,,,
P6501,Řízení cestovního ruchu,,,,,
P6701,Politologie,,Political Science,,,
P6702,Mezinárodní teritoriální studia,,International Territorial Studies,,,
P6703,Sociologie,,Sociology,,,
P6705,Politologie (čtyřletá),,,,,
P6706,Mezinárodní teritoriální studia (čtyřletá),,,,,
P6707,Sociologie (čtyřletá),,,,,
P6731,Sociální politika a sociální práce,,Social Policy and Social Work,,,
P6732,Politologie (kombinované),,,,,
P6733,Sociologie (kombinované),,,,,
P6734,Sociální politika a sociální práce (kombinované),,,,,
P4152,Rostlinolékařství,,,,,
P6735,Mezinárodní teritoriální studia (kombinované),,,,,
P6742,Sociální politika a sociální práce (čtyřleté),,Social Policy and Social Work (čtyřleté),,,
P6801,Teoretické právní vědy,,Theoretical Legal Science,,,
P6804,Právní specializace,,,,,
P6805,Právo a právní věda,,,,,
P6806,Bezpečnostně právní studia,,,,,
P6810,Teoretické právní vědy (čtyřleté),,,,,
P7105,Historické vědy,,History,,,
P7107,Historické vědy (čtyřleté),,,,,
P7108,Historie techniky,,,,,
P7109,Archeologie,,,,,
P7201,Informační studia a knihovnictví,,Information Studies and Librarianship,,,
P7202,Mediální a komunikační studia,,Media and Communication Studies,,,
P7203,Mediální a komunikační studia (kombinované),,,,,
P7310,Filologie,,Philology,,,
P7311,Anglistika - amerikanistika,,,,,
P7312,Čeština v komunikaci neslyšících,,,,,
P7313,Překladatelství a tlumočnictví,,,,,
P7315,Filologie (čtyřleté),,,,,
P7316,Text and Event in Early Modern Europe,,Text and Event in Early Modern Europe,,,
P7401,Tělesná výchova a sport,,Physical Education and Sport,,,
P7403,Kinantropologie,,Kinanthropology,,,
P7405,Kinantropologie (čtyřleté),,,,,
P7501,Pedagogika,,Pedagogy,,,
P7502,Sociální péče,,,,,
P7503,Učitelství pro základní školy,,,,,
P7504,Učitelství pro střední školy,,,,,
P7505,Vychovatelství,,,,,
P7506,Speciální pedagogika,,Special Education,,,
P7507,Specializace v pedagogice,,Specialization in Education,,,
P7509,Teorie hudební výchovy,,,,,
P7511,Special Education,,Special Education,,,
P7512,Education,,Education,,,
P7513,Andragogika,,,,,
P7531,Předškolní a mimoškolní pedagogika,,,,,
P7534,Učitelství pro střední školy (tříleté),,,,,
P7536,Pedagogika (čtyřleté),,,,,
P7537,Specializace v pedagogice (čtyřleté),,,,,
P7538,Education (čtyřleté),,Education (čtyřleté),,,
P7701,Psychologie,,Psychology,,,
P7702,Psychologie (kombinované),,,,,
P7703,Psychologie (čtyřleté),,,,,
P8101,Teorie a dějiny výtvarných umění,,,,,
P8102,Teorie a dějiny hudebního umění,,,,,
P8103,Teorie a dějiny tanečního umění,,,,,
P8104,"Teorie a dějiny divadla, filmu a masmédií",,,,,
P8106,Teorie a dějiny literatury,,,,,
P8109,Obecná teorie a dějiny umění a kultury,,Theory and History of Arts and Culture,,,
P8110,Teorie a dějiny hudby,,,,,
P8111,Obecná teorie a dějiny umění a kultury (čtyřleté),,,,,
P8201,Hudební umění,,,,,
P8202,Taneční umění,,,,,
P8206,Výtvarná umění,,,,,
P8207,Literární tvorba,,,,,
P8216,Dramatická umění (čtyřleté),,,,,
P9101,Teorie obrany státu,,,,,
P9107,Vojenská geodézie a kartografie,,,,,
P9108,Vojenská logistika,,,,,
P9109,Teorie řízení a bojového použití jednotek pozemního vojska,,,,,
P9111,Ochrana vojsk a obyvatelstva,,,,,
P9115,Vojenské specializace,,,,,
P9116,Teorie řízení a použití jednotek a útvarů pozem. sil a sil územní obrany Armády ČR,,,,,
P9117,Teorie řízení a použití jednotek a útvarů pozemního vojska a sil územní obrany,,,,,
P9507,Vojenský zdravotnický management,,,,,
P8203,Dramatická umění,,,,,
P8204,"Filmové, televizní a fotografické umění a nová média",,,,,
B1001,Přírodovědná studia,,,,,
B1101,Matematika,,Mathematics,,,
B1102,Matematika (čtyřletá),,,,,
B1103,Aplikovaná matematika,,,,,
B1201,Geologie,,Geology,,,
B1202,Aplikovaná geologie,,,,,
B1301,Geografie,,Geography,,,
B1302,Kartografie,,,,,
B1303,Demografie,,Demography,,,
B1304,Geografie a kartografie,,,,,
B1305,Aplikovaná geografie,,,,,
B1316,"Geodézie, kartografie a geoinformatika",,"Geodesy, Cartography and Geoinformatics",,,
B1401,Anorganická chemie,,Inorganic Chemistry,,,
B1402,Organická chemie,,Organic Chemistry,,,
B1403,Analytická chemie,,Analytical Chemistry,,,
B1404,Fyzikální chemie,,Physical Chemistry,,,
B1405,Makromolekulární chemie,,Macromolecular Chemistry,,,
B1406,Biochemie,,Biochemistry,,,
B1407,Chemie,,Chemistry,,,
B1408,Jaderná chemie,,,,,
B1409,Aplikovaná biochemie,,,,,
B1410,Biochemie (tříleté),,,,,
B1411,Chemie (tříleté),,,,,
B1412,Biochemie a patobiochemie,,Biochemistry and Pathobiochemistry,,,
B1413,Klinická a toxikologická analýza,,Clinical and Toxicological Analysis,,,
B1501,Biologie,,Biology,,,
B1502,Zoologie,,Zoology,,,
B1504,Genetika,,,,,
B1507,Botanika,,Botany,,,
B1510,Mikrobiologie,,Microbiology,,,
B1511,Fyziologie a imunologie,,,,,
B1512,Antropologie,,Anthropology,,,
B1513,Biofyzika,,,,,
B1515,Molekulární a buněčná biologie,,,,,
B1516,Biologie a patologie buňky,,Cell Biology and Pathology,,,
B1517,Imunologie,,Immunology,,,
B1519,"Molekulární a buněčná biologie, genetika a virologie",,"Molecular and Cellular Biology, Genetics and Virology",,,
B1520,Vývojová biologie,,Developmental Biology,,,
B1521,Fyziologie živočichů,,Animal Physiology,,,
B1522,Parazitologie,,Parasitology,,,
B1523,Biologie člověka,,,,,
B1530,Experimentální biologie,,,,,
B1531,Ekologická a evoluční biologie,,,,,
B1601,Ekologie a ochrana prostředí,,Ecology and Environmental Protection,,,
B1603,Ekologie,,,,,
B1604,Ochrana prostředí,,,,,
B1605,Ekologie a ochrana životního prostředí,,,,,
B1701,Fyzika,,Physics,,,
B1702,Aplikovaná fyzika,,,,,
B1801,Informatika,,Informatics,,,
B1802,Aplikovaná informatika,,Applied Informatics,,,
B1803,Informatika a druhý obor,,,,,
B1804,Biomedicínská informatika,,,,,
B1806,Otevřená informatika,,Open Informatics,,,
B2101,Hornictví a geologie,,,,,
B2102,Nerostné suroviny,,Mineral Raw Materials,,,
B2106,Metalurgie,,Metallurgy,,,
B2108,Metalurgická technologie,,,,,
B2109,Metalurgické inženýrství,,Metallurgical Engineering,,,
B2110,Geologické inženýrství,,,,,
B2111,Hornictví,,,,,
B2112,Řízení výrobních procesů,,,,,
B2113,Materiálové technologie,,,,,
B2301,Strojní inženýrství,,Mechanical engineering,,,
B2302,Stroje a zařízení,,Machines and equipment,,,
B2303,Strojírenská technologie,,Engineering technology,,,
B2304,Vojenská technika strojní,,,,,
B2305,Strojírenství se zaměřením na ekonomiku a řízení,,,,,
B2306,Letecká a raketová technika,,,,,
B2341,Strojírenství,,Engineering,,,
B2342,Teoretický základ strojního inženýrství,,,,,
B2343,Výroba a ekonomika ve strojírenství,,,,,
B2601,Slaboproudá elektrotechnika,,,,,
B2602,Elektrotechnologie,,,,,
B2608,Elektrotechnika se zaměřením na ekonomiku a řízení,,,,,
B2609,Elektrotechnická specializace,,,,,
B2611,Vojenská technika - elektrotechnická,,,,,
B2612,Elektrotechnika a informatika,,Electrical Engineering and Informatics,,,
B2642,Silnoproudá elektrotechnika,,,,,
B2643,"Elektrotechnika, elektronika, komunikační a řídicí technika",,,,,
B2644,Aplikovaná elektrotechnika,,,,,
B2645,"Elektrotechnika, sdělovací a výpočetní technika",,,,,
B2646,Informační technologie,,,,,
B2647,Informační a komunikační technologie,,Information and Communication Technology,,,
B2648,Projektování elektrických zařízení,,,,,
B2649,Elektrotechnika,,Electrical Engineering,,,
B2650,Softwarové technologie a management,,,,,
B2652,"Elektrotechnika, energetika a management",,"Electrical Engineering, Power Engineering and Management",,,
B2653,"Komunikace, multimédia a elektronika",,"Communications, Multimedia and Electronics",,,
B2654,Kybernetika a robotika,,Cybernetics and Robotics,,,
B2655,Angličtina v elektrotechnice a informatice,,,,,
B2656,Otevřené elektronické systémy,,Open Electronic Systems,,,
B2657,Softwarové inženýrství a technologie,,,,,
B2801,Chemie a chemické technologie,,,,,
B2802,Chemie a technická chemie,,,,,
B2804,Vojenská chemie,,,,,
B2805,Chemie a technologie ochrany životního prostředí,,,,,
B2806,Spotřební chemie,,,,,
B2807,Chemické a procesní inženýrství,,,,,
B2808,Chemie a technologie materiálů,,,,,
B2810,Biochemie a biotechnologie,,,,,
B2811,Chemie a technologie paliv,,,,,
B2812,Biotechnologie odpadů,,,,,
B2814,Technologie pro ochranu životního prostředí,,Enviromental Technology,,,
B2815,Inženýrství a management,,Engineering and Management,,,
B2819,Aplikovaná chemie a materiály,,Applied Chemistry and Materials,,,
B2821,Chemie a aplikovaná ekologie,,,,,
B2822,Procesní inženýrství a management podniků,,,,,
B2823,Konzervování - restaurování objektů kulturního dědictví - uměleckořemeslných děl,,Conservation and Restoration of Cultural Heritage Objects - Works of Arts and Crafts,,,
B2824,Syntéza a výroba léčiv,,Synthesis and Production of Drugs,,,
B2825,Ochrana obyvatelstva,,,,,
B2826,Technologie odpadů,,,,,
B2828,Konzervování - restaurování objektů kulturního dědictví,,,,,
B2829,Anorganické a polymerní materiály,,,,,
B2830,Farmakochemie a medicinální materiály,,,,,
B2831,Povrchová ochrana stavebních a konstrukčních materiálů,,,,,
B2839,Nano a mikrotechnologie v chemickém inženýrství,,Nano and Microtechnology in Chemical Engineering,,,
B2840,Biomateriály pro medicínské využití,,Biomaterials for Medical Applications,,,
B2841,Forenzní analýza,,Forensic  Analysis,,,
B2843,Chemistry and Technology,,Chemistry and Technology,,,
B2845,Chemická informatika a bioinformatika,,Chemical Informatics and Bioinformatics,,,
B2901,Chemie a technologie potravin,,,,,
B2902,Potravinářská a biochemická technologie,,Food and Biochemical Technology,,,
B2905,Potravinářství a biotechnologie,,,,,
B3106,Textilní inženýrství,,Textile Engineering,,,
B3107,Textil,,Textile,,,
B3201,"Technologie a zařízení pro zpracování kůže, plastů a pryže",,,,,
B3301,Dřevařské inženýrství,,,,,
B3302,Nábytek,,,,,
B3305,Stavby na bázi dřeva,,,,,
B3341,Dřevařství,,,,,
B3441,Polygrafie,,,,,
B3501,Architektura a urbanismus,,Architecture and Urbanism,,,
B3502,Architektura a stavitelství,,,,,
B3503,Architektura pozemních staveb,,,,,
B3505,Architecture,,Architecture,,,
B3506,Krajinářská architektura,,,,,
B3602,Geomatika,,,,,
B3606,Vojenské stavby,,,,,
B3607,Stavební inženýrství,,Civil Engineering,,,
B3608,Pozemní stavby a architektura,,,,,
B3609,Stavitelství,,,,,
B3646,Geodézie a kartografie,,,,,
B3647,Stavebnictví,,,,,
B3648,Civil Engineering,,Civil Engineering,,,
B3651,Stavební inženýrství,,,,,
B3652,Bezpečnostní a rizikové inženýrství,,,,,
B3653,Design of Civil Engineering Structures,,Design of Civil Engineering Structures,,,
B3656,Městské inženýrství,,,,,
B3706,Dopravní a spojová infrastruktura,,,,,
B3707,Ekonomika a řízení v dopravě a spojích,,,,,
B3708,Dopravní inženýrství a spoje,,,,,
B3709,Dopravní technologie a spoje,,,,,
B3710,Technika a technologie v dopravě a spojích,,,,,
B3711,Automatizace a řízení v dopravě a spojích,,,,,
B3713,Logistika,,,,,
B3901,Aplikované vědy v inženýrství,,,,,
B3902,Inženýrská informatika,,Engineering Informatics,,,
B3903,Kybernetika a řídící technika,,,,,
B3904,Inženýrská ekologie,,,,,
B3906,Speciální technologie,,,,,
B3907,Energetika,,,,,
B3908,Požární ochrana a průmyslová bezpečnost,,,,,
B3909,Procesní inženýrství,,Process Engineering,,,
B3910,Fyzikální a materiálové inženýrství,,,,,
B3911,Materiálové vědy,,,,,
B3912,Speciální chemicko-biologické obory,,Special Chemical and Biological Programmes,,,
B3913,Aplikace přírodních věd,,,,,
B3914,Krajinné inženýrství,,Landscape Engineering,,,
B3915,Krajinářství,,,,,
B3916,Biomedicínské inženýrství - bionika,,,,,
B3917,Soudní inženýrství,,,,,
B3918,Aplikované vědy a informatika,,Applied Sciences and Computer Engineering,,,
B3919,Biomechanika,,Biomechanics,,,
B3921,Biomedicínská a klinická technika,,Biomedical and Clinical Technology,,,
B3922,Ekonomika a řízení průmyslových systémů,,Economics and Management of Industrial Systems,,,
B3923,Materiálové inženýrství,,Materials Engineering,,,
B3926,Vojenské technologie,,Military Technology,,,
B3928,Technická podpora humanitních věd,,,,,
B3930,Biomedicínská technika a bioinformatika,,,,,
B3931,Environmentální vědy,,Environmental Science,,,
B3942,Nanotechnologie,,,,,
B3943,Mechatronika,,Mechatronics,,,
B3944,Biomedicínská technika,,,,,
B3945,Nemovitý majetek,,,,,
B3947,Počítačové modelování v technice,,Computer Modelling in Technology,,,
B3953,Bezpečnost společnosti,,,,,
B3956,Vojenský pilot,,,,,
B3961,Audio inženýrství,,,,,
B3964,Metrologie,,,,,
B3965,Technologie pro obranu a bezpečnost,,,,,
B3966,Informační bezpečnost,,,,,
B3967,Bioinformatika,,Bioinformatics,,,
B3968,Aplikované vědy a technologie,,Applied Sciences and Technologies,,,
B4101,Zemědělské inženýrství,,Agricultural Engineering,,,
B4102,Fytotechnika,,Crop Science,,,
B4103,Zootechnika,,"Animal Science, Animal Breeding",,,
B4106,Zemědělská specializace,,Agricultural Specialization,,,
B4107,Lesní inženýrství,,Forestry Engineering,,,
B4108,Zahradnické inženýrství,,Hortical Engineering,,,
B4109,Zahradní a krajinářská architektura,,,,,
B4111,Zahradní a krajinná architektura,,,,,
B4112,Agrobiologie,,,,,
B4113,Zahradnické technologie,,,,,
B4131,Zemědělství,,,,,
B4132,Lesnictví,,Forestry,,,
B4144,Zahradnictví,,,,,
B4145,Kvalita a zpracování zemědělských produktů,,,,,
B4146,Hodnocení a ochrana půdy,,,,,
B4147,Udržitelné využívání přírodních zdrojů,,Sustainable Use of Natural Resources,,,
B4148,"Zemědělství, zahradnictví a rozvoj venkova",,,,,
B4149,Rozvoj venkova a zemědělství,,,,,
B4150,Genové technologie a šlechtění,,,,,
B4151,Péče o biosféru,,,,,
B4152,Rostlinolékařství,,,,,
B4153,Natural Resources and Environment (Přírodní zdroje a životní prostředí),,Natural Resources and Environment (Přírodní zdroje a životní prostředí),,,
B4154,Ekologické zemědělství,,,,,
B4155,Veřejná správa v zemědělství a krajině,,,,,
B4156,Technické znalectví a pojišťovnictví,,,,,
B4157,Tropical Agriculture (Tropické zemědělství),,Tropical Agriculture (Tropické zemědělství),,,
B4161,Agriculture and Food,,Agriculture and Food,,,
B4166,Arboristika,,,,,
B4169,Ochrana krajiny a využívání přírodních zdrojů,,,,,
B4301,Veterinární lékařství,,,,,
B4302,Veterinární hygiena a ekologie,,Veterinary Hygiene and Ecology,,,
B5103,Všeobecné lékařství,,,,,
B5104,Stomatologie,,Dentistry,,,
B5105,Experimentální chirurgie,,Experimental Surgery,,,
B5106,Fyziologie a patofyziologie člověka,,Human Physiology and Pathophysiology,,,
B5107,Gerontologie,,Gerontologogy,,,
B5108,Neurovědy,,Neurosciences,,,
B5109,Preventivní medicína,,Preventive Medicine,,,
B5206,Farmacie,,Pharmacy,,,
B5207,Zdravotnická bioanalytika,,Healthcare bioanalytics,,,
B5208,Farmakologie a toxikologie,,Pharmacology and Toxicology,,,
B5341,Ošetřovatelství,,Nursing,,,
B5342,Rehabilitace,,,,,
B5345,Specializace ve zdravotnictví,,Specializations in Health Service,,,
B5346,Ekonomika a řízení zdravotnictví,,,,,
B5347,Veřejné zdravotnictví,,,,,
B5348,Specializace ve zdravotnictví (kombinované),,,,,
B5349,Porodní asistence,,Midwifery,,,
B5350,Zdravotně sociální péče,,,,,
B6101,Filozofie,,Philosophie,,,
B6107,Humanitní studia,,Humanities,,,
B6141,Teologie,,Theology,,,
B6142,Logika,,Logic,,,
B6143,Humanitní studia (tříleté),,,,,
B6145,Humanitní vědy,,Humanities,,,
B6201,Ekonomické teorie,,Economics,,,
B6202,Hospodářská politika a správa,,Economic Policy and Administration,,,
B6207,Kvantitativní metody v ekonomice,,,,,
B6208,Ekonomika a management,,Economics and Management,,,
B6209,Systémové inženýrství a informatika,,Engineering and Informatics,,,
B6210,Mezinárodní ekonomické vztahy,,International Economic Relations,,,
B6211,"Bankovnictví, peněžnictví a pojišťovnictví",,,,,
B6212,Management a marketing,,,,,
B6213,Ekonomika a insolvence,,,,,
B6214,Regionální rozvoj,,Regional Development,,,
B6215,Bankovnictví,,,,,
B6216,Ekonomie a hospodářská správa,,Economics and Economic Administration,,,
B6217,Finance a účetnictví,,,,,
B6218,Business Administration,,Business Administration,,,
B6221,Systémové inženýrství,,,,,
B6222,Matematické metody v ekonomii,,,,,
B6223,Economic Policy and Administration,,Economic Policy and Administration,,,
B6224,Hospodářská politika a správa (čtyřleté),,,,,
B6233,Economic Policy and Public Administration,,Economic Policy and Public Administration,,,
B6234,Kvantitativní metody a rozhodování v ekonomice,,,,,
B6501,Řízení cestovního ruchu,,,,,
B6502,"Hotelnictví, gastronomie a lázeňství",,Hospitality Management,,,
B6503,"Gastronomie, hotelnictví a turismus",,,,,
B6701,Politologie,,Political Science,,,
B6702,Mezinárodní teritoriální studia,,International Territorial Studies,,,
B6703,Sociologie,,Sociology,,,
B6708,International Relations,,International Relations,,,
B6731,Sociální politika a sociální práce,,Social Policy and Social Work,,,
B6732,Politologie (kombinované),,,,,
B6733,Sociologie (kombinované),,,,,
B6734,Sociální politika a sociální práce (kombinované),,,,,
B6735,Mezinárodní teritoriální studia (kombinované),,,,,
B6737,Humanitní environmentalistika,,,,,
B6738,Mezinárodní a veřejné vztahy,,,,,
B6739,Humanities and Social Sciences,,Humanities and Social Sciences,,,
B6743,Sociální politika,,,,,
B6801,Teoretické právní vědy,,,,,
B6804,Právní specializace,,,,,
B6805,Právo a právní věda,,,,,
B6806,Bezpečnostně právní studia,,,,,
B6807,Veřejná správa,,Public Policy,,,
B6808,Ochrana a bezpečnost organizace,,,,,
B6809,Bezpečnostně právní činnost,,,,,
B6811,Právní specializace - kontrolní činnost ve veřejné správě,,,,,
B6813,Bezpečnostní management v regionech,,,,,
B7105,Historické vědy,,History,,,
B7106,Historická studia,,,,,
B3712,Technologie letecké dopravy,,,,,
B7109,Archeologie,,,,,
B7201,Informační studia a knihovnictví,,Information Studies and Librarianship,,,
B7202,Mediální a komunikační studia,,Media and Communication Studies,,,
B7203,Mediální a komunikační studia (kombinované),,,,,
B7204,Applied Social Sciences,,Applied Social Sciences,,,
B7310,Filologie,,Philology,,,
B7311,Anglistika - amerikanistika,,English and American Studies,,,
B7312,Čeština v komunikaci neslyšících,,Deaf Studies,,,
B7313,Překladatelství a tlumočnictví,,Translation and Interpreting,,,
B7314,Polská filologie,,,,,
B7401,Tělesná výchova a sport,,Physical Education and Sport,,,
B7403,Kinantropologie,,Kinanthropology,,,
B7404,Rekreologie,,,,,
B7501,Pedagogika,,Education,,,
B7502,Sociální péče,,,,,
B7503,Učitelství pro základní školy,,,,,
B7504,Učitelství pro střední školy,,,,,
B7505,Vychovatelství,,Education,,,
B7506,Speciální pedagogika,,Special Education,,,
B7507,Specializace v pedagogice,,Technical Teacher Training,,,
B7508,Sociální práce,,Social Work,,,
B7531,Předškolní a mimoškolní pedagogika,,,,,
B7534,Učitelství pro střední školy (tříleté),,,,,
B7701,Psychologie,,Psychology,,,
B7702,Psychologie (kombinované),,,,,
B8101,Teorie a dějiny výtvarných umění,,,,,
B8102,Teorie a dějiny hudebního umění,,,,,
B8103,Teorie a dějiny tanečního umění,,,,,
B8104,"Teorie a dějiny divadla, filmu a masmédií",,,,,
B8106,Teorie a dějiny literatury,,,,,
B8109,Obecná teorie a dějiny umění a kultury,,Theory and History of Art and Culture,,,
B8110,Teorie a dějiny hudby,,,,,
B8201,Hudební umění,,,,,
B8202,Taneční umění,,,,,
B8203,Dramatická umění,,,,,
B8204,"Filmové, televizní a fotografické umění a nová média",,,,,
B8206,Výtvarná umění,,,,,
B8207,Literární tvorba,,,,,
B8208,Design,,,,,
B8209,Teorie a praxe audiovizuální tvorby,,,,,
B8212,Divadelní tvorba v netradičních prostorech,,,,,
B8213,Design nábytku,,,,,
B8214,Mediální tvorba,,,,,
B8216,Dramatická umění (čtyřleté),,,,,
B9101,Teorie obrany státu,,,,,
B9107,Vojenská geodézie a kartografie,,,,,
B9108,Vojenská logistika,,,,,
B9109,Teorie řízení a bojového použití jednotek pozemního vojska,,,,,
B9111,Ochrana vojsk a obyvatelstva,,,,,
B9115,Vojenské specializace,,,,,
B9116,Teorie řízení a použití jednotek a útvarů pozem. sil a sil územní obrany Armády ČR,,,,,
B9117,Teorie řízení a použití jednotek a útvarů pozemního vojska a sil územní obrany,,,,,
B9507,Vojenský zdravotnický management,,,,,
M1101,Matematika,,Mathematics,,,
M1103,Aplikovaná matematika,,,,,
M1201,Geologie,,Geology,,,
M1202,Aplikovaná geologie,,,,,
M1301,Geografie,,,,,
M1302,Kartografie,,,,,
M1303,Demografie,,Demography,,,
M1304,Geografie a kartografie,,,,,
M1305,Aplikovaná geografie,,,,,
M1311,Fyzická geografie,,,,,
M1312,Regionální geografie,,,,,
M1313,Sociální geografie,,,,,
M1401,Anorganická chemie,,Inorganic Chemistry,,,
M1402,Organická chemie,,Organic Chemistry,,,
M1403,Analytická chemie,,Analytical Chemistry,,,
M1404,Fyzikální chemie,,Physical Chemistry,,,
M1405,Makromolekulární chemie,,Macromolecular Chemistry,,,
M1406,Biochemie,,Biochemistry,,,
M1407,Chemie,,Chemistry,,,
M1408,Jaderná chemie,,,,,
M1409,Aplikovaná biochemie,,,,,
M1410,Biochemie (tříleté),,,,,
M1411,Chemie (tříleté),,,,,
M1412,Biochemie a patobiochemie,,Biochemistry and Pathobiochemistry,,,
M1501,Biologie,,Biology,,,
M1502,Zoologie,,Zoology,,,
M1504,Genetika,,,,,
M1507,Botanika,,Botany,,,
M1510,Mikrobiologie,,Microbiology,,,
M1511,Fyziologie a imunologie,,,,,
M1512,Antropologie,,Anthropology,,,
M1513,Biofyzika,,,,,
M1515,Molekulární a buněčná biologie,,,,,
M1516,Biologie a patologie buňky,,Cell Biology and Pathology,,,
M1517,Imunologie,,Immunology,,,
M1519,"Molekulární a buněčná biologie, genetika a virologie",,"Molecular and Cellular Biology, Genetics and Virology",,,
M1520,Vývojová biologie,,Developmental Biology,,,
M1521,Fyziologie živočichů,,Animal Physiology,,,
M1522,Parazitologie,,Parasitology,,,
M1523,Biologie člověka,,,,,
M1601,Ekologie a ochrana prostředí,,Ecology and Environmental Protection,,,
M1603,Ekologie,,,,,
M1604,Ochrana prostředí,,,,,
M1701,Fyzika,,Physics,,,
M1702,Aplikovaná fyzika,,,,,
M1801,Informatika,,Informatics,,,
M1802,Aplikovaná informatika,,Applied Informatics,,,
M1803,Informatika a druhý obor,,,,,
M1804,Biomedicínská informatika,,,,,
M2101,Hornictví a geologie,,,,,
M2102,Nerostné suroviny,,Mineral Raw Materials,,,
M2106,Metalurgie,,Metallurgy,,,
M2108,Metalurgická technologie,,,,,
M2109,Metalurgické inženýrství,,Metallurgical Engineering,,,
M2110,Geologické inženýrství,,,,,
M2111,Hornictví,,,,,
M2112,Řízení výrobních procesů,,,,,
M2301,Strojní inženýrství,,Mechanical engineering,,,
M2302,Stroje a zařízení,,Machines and equipment,,,
M2303,Strojírenská technologie,,Engineering technology,,,
M2304,Vojenská technika strojní,,,,,
M2305,Strojírenství se zaměřením na ekonomiku a řízení,,,,,
M2306,Letecká a raketová technika,,,,,
M2601,Slaboproudá elektrotechnika,,,,,
M2602,Elektrotechnologie,,,,,
M2608,Elektrotechnika se zaměřením na ekonomiku a řízení,,,,,
M2609,Elektrotechnická specializace,,,,,
M2611,Vojenská technika - elektrotechnická,,,,,
M2612,Elektrotechnika a informatika,,Electrical Engineering and Informatics,,,
M2642,Silnoproudá elektrotechnika,,,,,
M2643,"Elektrotechnika, elektronika, komunikační a řídicí technika",,,,,
M2644,Aplikovaná elektrotechnika,,,,,
M2645,"Elektrotechnika, sdělovací a výpočetní technika",,,,,
M2646,Informační technologie,,,,,
M2801,Chemie a chemické technologie,,,,,
M2802,Chemie a technická chemie,,,,,
M2804,Vojenská chemie,,,,,
M2805,Chemie a technologie ochrany životního prostředí,,,,,
M2806,Spotřební chemie,,,,,
M2807,Chemické a procesní inženýrství,,,,,
M2808,Chemie a technologie materiálů,,,,,
M2810,Biochemie a biotechnologie,,,,,
M2811,Chemie a technologie paliv,,,,,
M2901,Chemie a technologie potravin,,,,,
M3106,Textilní inženýrství,,Textile Engineering,,,
M3201,"Technologie a zařízení pro zpracování kůže, plastů a pryže",,,,,
M3301,Dřevařské inženýrství,,,,,
M3441,Polygrafie,,,,,
M3501,Architektura a urbanismus,,Architecture and Urbanism,,,
M3602,Geomatika,,,,,
M3606,Vojenské stavby,,,,,
M3607,Stavební inženýrství,,Civil Engineering,,,
M3608,Pozemní stavby a architektura,,,,,
M3646,Geodézie a kartografie,,,,,
M3647,Stavebnictví,,,,,
M3706,Dopravní a spojová infrastruktura,,,,,
M3707,Ekonomika a řízení v dopravě a spojích,,,,,
M3708,Dopravní inženýrství a spoje,,,,,
M3709,Dopravní technologie a spoje,,,,,
M3710,Technika a technologie v dopravě a spojích,,,,,
M3711,Automatizace a řízení v dopravě a spojích,,,,,
M3901,Aplikované vědy v inženýrství,,,,,
M3902,Inženýrská informatika,,Computer Science and Engineering,,,
M3903,Kybernetika a řídící technika,,,,,
M3904,Inženýrská ekologie,,,,,
M3906,Speciální technologie,,,,,
M3907,Energetika,,,,,
M3908,Požární ochrana a průmyslová bezpečnost,,,,,
M3909,Procesní inženýrství,,Process Engineering,,,
M3910,Fyzikální a materiálové inženýrství,,,,,
M3911,Materiálové vědy,,,,,
M3912,Speciální chemicko-biologické obory,,Special Chemical and Biological Programmes,,,
M3913,Aplikace přírodních věd,,,,,
M3914,Krajinné inženýrství,,Landscape Engineering,,,
M3916,Biomedicínské inženýrství - bionika,,,,,
M3917,Soudní inženýrství,,,,,
M3918,Aplikované vědy a informatika,,Applied Sciences and Computer Engineering,,,
M3919,Biomechanika,,Biomechanics,,,
M3926,Vojenské technologie,,Military Technology,,,
M3942,Nanotechnologie,,,,,
M4101,Zemědělské inženýrství,,Agricultural Engineering,,,
M4102,Fytotechnika,,Crop Science,,,
M4103,Zootechnika,,"Animal Science, Animal Breeding",,,
M4106,Zemědělská specializace,,Agricultural Specialization,,,
M4107,Lesní inženýrství,,Forestry Engineering,,,
M4108,Zahradnické inženýrství,,Hortical Engineering,,,
M4109,Zahradní a krajinářská architektura,,,,,
M4145,Kvalita a zpracování zemědělských produktů,,,,,
M4146,Hodnocení a ochrana půdy,,,,,
M4147,Udržitelné využívání přírodních zdrojů,,Sustainable Use of Natural Resources,,,
M4148,"Zemědělství, zahradnictví a rozvoj venkova",,,,,
M4149,Rozvoj venkova a zemědělství,,,,,
M4150,Genové technologie a šlechtění,,,,,
M4151,Péče o biosféru,,,,,
M4152,Rostlinolékařství,,,,,
M4153,Natural Resources and Environment (Přírodní zdroje a životní prostředí),,Natural Resources and Environment (Přírodní zdroje a životní prostředí),,,
M4301,Veterinární lékařství,,,,,
M4302,Veterinární hygiena a ekologie,,Veterinary Hygiene and Ecology,,,
M5103,Všeobecné lékařství,,General medicine,,,
M5104,Stomatologie,,Dentistry,,,
M5105,Experimentální chirurgie,,Experimental Surgery,,,
M5106,Fyziologie a patofyziologie člověka,,Human Physiology and Pathophysiology,,,
M5107,Gerontologie,,Gerontologogy,,,
M5108,Neurovědy,,Neurosciences,,,
M5109,Preventivní medicína,,Preventive Medicine,,,
M5111,Zubní lékařství,,Dentistry,,,
M5133,Vojenské všeobecné lékařství,,,,,
M5134,Vojenské zubní lékařství,,,,,
M5206,Farmacie,,Pharmacy,,,
M5207,Zdravotnická bioanalytika,,,,,
M5208,Farmakologie a toxikologie,,Pharmacology and Toxicology,,,
M5209,Vojenská farmacie,,,,,
M5341,Ošetřovatelství,,Nursing,,,
M5342,Rehabilitace,,,,,
M5345,Specializace ve zdravotnictví,,,,,
M5346,Ekonomika a řízení zdravotnictví,,,,,
M5347,Veřejné zdravotnictví,,,,,
M5348,Specializace ve zdravotnictví (kombinované),,,,,
M6101,Filozofie,,Philosophie,,,
M6107,Humanitní studia,,Humanities,,,
M6141,Teologie,,Theology,,,
M6142,Logika,,Logic,,,
M6143,Humanitní studia (tříleté),,,,,
M6201,Ekonomické teorie,,Economics,,,
M6202,Hospodářská politika a správa,,Economic Policy and Administration,,,
M6207,Kvantitativní metody v ekonomice,,,,,
M6208,Ekonomika a management,,Economics and Management,,,
M6209,Systémové inženýrství a informatika,,Engineering and Informatics,,,
M6210,Mezinárodní ekonomické vztahy,,International Economic Relations,,,
M6217,Finance a účetnictví,,,,,
M6501,Řízení cestovního ruchu,,,,,
M6701,Politologie,,Political Science,,,
M6702,Mezinárodní teritoriální studia,,International Territorial Studies,,,
M6703,Sociologie,,Sociology,,,
M6731,Sociální politika a sociální práce,,Social Policy and Social Work,,,
M6732,Politologie (kombinované),,,,,
M6733,Sociologie (kombinované),,,,,
M6734,Sociální politika a sociální práce (kombinované),,,,,
M6735,Mezinárodní teritoriální studia (kombinované),,,,,
M6740,Applied Sociology and Public Policy,,Applied Sociology and Public Policy,,,
M6801,Teoretické právní vědy,,,,,
M6804,Právní specializace,,,,,
M6805,Právo a právní věda,,Law and Jurisprudence,,,
M6806,Bezpečnostně právní studia,,,,,
M7105,Historické vědy,,History,,,
M7203,Mediální a komunikační studia (kombinované),,,,,
M7310,Filologie,,Philology,,,
M7311,Anglistika - amerikanistika,,English and American Studies,,,
M7312,Čeština v komunikaci neslyšících,,Deaf Studies,,,
M7313,Překladatelství a tlumočnictví,,Translation and Interpreting,,,
M7401,Tělesná výchova a sport,,Physical Education and Sport,,,
M7403,Kinantropologie,,Kinanthropology,,,
M7201,Informační studia a knihovnictví,,,,,
M7202,Mediální a komunikační studia,,Media and Communication Studies,,,
M7501,Pedagogika,,Pedagogy,,,
M7502,Sociální péče,,,,,
M7503,Učitelství pro základní školy,,Teacher Training for Primary Schools,,,
M7504,Učitelství pro střední školy,,Teacher Training for Secondary Schools,,,
M7505,Vychovatelství,,,,,
M7506,Speciální pedagogika,,Special Education,,,
M7507,Specializace v pedagogice,,Specialization in Education,,,
M7531,Předškolní a mimoškolní pedagogika,,,,,
M7532,Učitelství pro základní školy (čtyřleté),,,,,
M7533,Učitelství pro základní školy (pětileté),,,,,
M7534,Učitelství pro střední školy (tříleté),,,,,
M7701,Psychologie,,Psychology,,,
M7702,Psychologie (kombinované),,,,,
M8101,Teorie a dějiny výtvarných umění,,,,,
M8102,Teorie a dějiny hudebního umění,,,,,
M8103,Teorie a dějiny tanečního umění,,,,,
M8104,"Teorie a dějiny divadla, filmu a masmédií",,,,,
M8106,Teorie a dějiny literatury,,,,,
M8109,Obecná teorie a dějiny umění a kultury,,Theory and History of Art and Culture,,,
M8110,Teorie a dějiny hudby,,,,,
M8201,Hudební umění,,,,,
M8202,Taneční umění,,,,,
M8203,Dramatická umění,,,,,
M8204,"Filmové, televizní a fotografické umění a nová média",,,,,
M8206,Výtvarná umění,,,,,
M8207,Literární tvorba,,,,,
M8216,Dramatická umění (čtyřleté),,,,,
M9101,Teorie obrany státu,,,,,
M9107,Vojenská geodézie a kartografie,,,,,
M9108,Vojenská logistika,,,,,
M9109,Teorie řízení a bojového použití jednotek pozemního vojska,,,,,
M9111,Ochrana vojsk a obyvatelstva,,,,,
M9115,Vojenské specializace,,,,,
M9116,Teorie řízení a použití jednotek a útvarů pozem. sil a sil územní obrany Armády ČR,,,,,
M9117,Teorie řízení a použití jednotek a útvarů pozemního vojska a sil územní obrany,,,,,
M9507,Vojenský zdravotnický management,,,,,
N1101,Matematika,,Mathematics,,,
N1103,Aplikovaná matematika,,,,,
N1201,Geologie,,Geology,,,
N1202,Aplikovaná geologie,,,,,
N1301,Geografie,,Geography,,,
N1302,Kartografie,,,,,
N1303,Demografie,,Demography,,,
N1304,Geografie a kartografie,,,,,
N1305,Aplikovaná geografie,,,,,
N1401,Anorganická chemie,,Inorganic Chemistry,,,
N1402,Organická chemie,,Organic Chemistry,,,
N1403,Analytická chemie,,Analytical Chemistry,,,
N1404,Fyzikální chemie,,Physical Chemistry,,,
N1405,Makromolekulární chemie,,Macromolecular Chemistry,,,
N1406,Biochemie,,Biochemistry,,,
N1407,Chemie,,Chemistry,,,
N1408,Jaderná chemie,,,,,
N1409,Aplikovaná biochemie,,,,,
N1410,Biochemie (tříleté),,,,,
N1411,Chemie (tříleté),,,,,
N1412,Biochemie a patobiochemie,,Biochemistry and Pathobiochemistry,,,
N1413,Klinická a toxikologická analýza,,Clinical and Toxicological Analysis,,,
N1501,Biologie,,Biology,,,
N1502,Zoologie,,Zoology,,,
N1504,Genetika,,,,,
N1507,Botanika,,Botany,,,
N1511,Fyziologie a imunologie,,,,,
N1512,Antropologie,,Anthropology,,,
N1513,Biofyzika,,,,,
N1514,Ekologie,,Ecology,,,
N1515,Molekulární a buněčná biologie,,,,,
N1516,Biologie a patologie buňky,,Cell Biology and Pathology,,,
N1517,Imunologie,,Immunology,,,
N1519,"Molekulární a buněčná biologie, genetika a virologie",,"Molecular and Cellular Biology, Genetics and Virology",,,
N1520,Vývojová biologie,,Developmental Biology,,,
N1521,Fyziologie živočichů,,Animal Physiology,,,
N1522,Parazitologie,,Parasitology,,,
N1523,Biologie člověka,,,,,
N1530,Experimentální biologie,,,,,
N1531,Ekologická a evoluční biologie,,,,,
N1601,Ekologie a ochrana prostředí,,Ecology and Environmental Protection,,,
N1603,Ekologie,,,,,
N1604,Ochrana prostředí,,,,,
N1701,Fyzika,,Physics,,,
N1702,Aplikovaná fyzika,,,,,
N1801,Informatika,,Informatics,,,
N1802,Aplikovaná informatika,,Applied Informatics,,,
N1803,Informatika a druhý obor,,,,,
N1804,Biomedicínská informatika,,,,,
N1806,Otevřená informatika,,Open Informatics,,,
N2101,Hornictví a geologie,,,,,
N2102,Nerostné suroviny,,Mineral Raw Materials,,,
N2106,Metalurgie,,Metallurgy,,,
N2108,Metalurgická technologie,,,,,
N2109,Metalurgické inženýrství,,Metallurgical Engineering,,,
N2110,Geologické inženýrství,,,,,
N2111,Hornictví,,,,,
N2112,Řízení výrobních procesů,,,,,
N2301,Strojní inženýrství,,Mechanical engineering,,,
N2302,Stroje a zařízení,,Machines and equipment,,,
N2303,Strojírenská technologie,,Engineering technology,,,
N2304,Vojenská technika strojní,,,,,
N2305,Strojírenství se zaměřením na ekonomiku a řízení,,,,,
N2306,Letecká a raketová technika,,,,,
N2307,Master of Automotive Engineering,,Master of Automotive Engineering,,,
N2341,Strojírenství,,Engineering,,,
N2344,Výrobní systémy,,,,,
N2345,Industrial Engineering,,Industrial Engineering,,,
N2601,Slaboproudá elektrotechnika,,,,,
N2602,Elektrotechnologie,,,,,
N2608,Elektrotechnika se zaměřením na ekonomiku a řízení,,,,,
N2609,Elektrotechnická specializace,,,,,
N2611,Vojenská technika - elektrotechnická,,,,,
N2612,Elektrotechnika a informatika,,Electrical Engineering and Informatics,,,
N2642,Silnoproudá elektrotechnika,,,,,
N2643,"Elektrotechnika, elektronika, komunikační a řídicí technika",,,,,
N2644,Aplikovaná elektrotechnika,,,,,
N2645,"Elektrotechnika, sdělovací a výpočetní technika",,,,,
N2646,Informační technologie,,,,,
N2647,Informační a komunikační technologie,,Information and Communication Technology,,,
N2649,Elektrotechnika,,Electrical Engineering,,,
N2652,"Elektrotechnika, energetika a management",,"Electrical Engineering, Power Engineering and Management",,,
N2653,"Komunikace, multimédia a elektronika",,"Communications, Multimedia and Electronics",,,
N2654,Kybernetika a robotika,,Cybernetics and Robotics,,,
N2656,Otevřené elektronické systémy,,Open Electronic Systems,,,
N2658,Výpočetní vědy,,Computational Sciences,,,
N2801,Chemie a chemické technologie,,Chemistry and Chemical Technologies,,,
N2802,Chemie a technická chemie,,,,,
N2804,Vojenská chemie,,,,,
N2805,Chemie a technologie ochrany životního prostředí,,Environmental Chemistry and Technology,,,
N2806,Spotřební chemie,,,,,
N2807,Chemické a procesní inženýrství,,,,,
N2808,Chemie a technologie materiálů,,,,,
N2810,Biochemie a biotechnologie,,Biochemistry and Biotechnology,,,
N2811,Chemie a technologie paliv,,,,,
N2812,Biotechnologie odpadů,,,,,
N2813,Chemie materiálů a materiálové inženýrství,,Chemistry of Materials and Material Engineering,,,
N2814,Technologie pro ochranu životního prostředí,,Enviromental Technology,,,
N2816,Technická fyzikální a analytická chemie,,,,,
N2817,Ekonomika a management chemických a potravinářských podniků,,Economics and Management of Chemical and Food Enterprises,,,
N2818,Procesní inženýrství a informatika,,Process Engineering and Informatics,,,
N2820,"Chemie, technologie a vlastnosti materiálů",,,,,
N2824,Syntéza a výroba léčiv,,Synthesis and Production of Drugs,,,
N2825,Ochrana obyvatelstva,,,,,
N2826,Technologie odpadů,,,,,
N2827,"Anorganická, organická a makromolekulární chemie",,"Inorganic,  Organic and Macromolecular Chemistry",,,
N2828,Konzervování - restaurování objektů kulturního dědictví,,Conservation and Restoration of Cultural Heritage Objects,,,
N2838,Klinická bioanalytika,,Clinical Bioanalytics,,,
N2841,Forenzní analýza,,Forensic  Analysis,,,
N2842,Environmental technology and Engineering,,Environmental Technology and Engineering,,,
N2843,Chemistry and Technology,,Chemistry and Technology,,,
N2844,Analytická a fyzikální chemie,,Analytical and  Physical Chemistry,,,
N2845,Chemická informatika a bioinformatika,,Chemical Informatics and Bioinformatics,,,
N2846,Chemie pro medicínské aplikace,,,,,
N2901,Chemie a technologie potravin,,,,,
N2903,Chemie a analýza potravin,,Food Chemistry and Analysis,,,
N2904,Technologie potravin,,Food Technology,,,
N3106,Textilní inženýrství,,Textile Engineering,,,
N3108,Průmyslový management,,Industrial Management,,,
N3201,"Technologie a zařízení pro zpracování kůže, plastů a pryže",,,,,
N3301,Dřevařské inženýrství,,,,,
B0721A130001,Technologie potravin,,Food Technology,2018-10-12 22:00:00,,
B0214A13A1038,Konzervování-restaurování uměleckořemeslných děl,,Conservation-Restoration of Works of Arts and Crafts,2019-01-04 23:00:00,,
N0711A130003,Chemie a technologie materiálů,,Chemistry and Technology of Materials,2018-10-12 22:00:00,,
N0711A13A1028,Syntéza a výroba léčiv,,Synthesis and Manufacturing of Pharmaceuticals,2018-10-26 22:00:00,,
N0531A130009,Chemie,,Chemistry,2018-10-12 22:00:00,,
N0711A13A1030,Technologie konzervování-restaurování objektů kulturního dědictví,,Technology of Conservation-Restoration of Cultural Heritage Objects,2018-10-26 22:00:00,,
N0688A03A1036,Bioinformatika a chemická informatika,,Bioinformatics and Chemical Informatics,2019-01-04 23:00:00,,
N0711A130004,"Chemistry, Technology and Materials",,"Chemistry, Technology and Materials",2018-10-12 22:00:00,,
N0711A130007,Membrane Materials and Process Engineering,,Membrane Materials and Process Engineering,2018-10-26 22:00:00,,
N0711A130006,Energie a paliva,,Energy and Fuels,2018-10-12 22:00:00,,
N0712A130002,Technologie vody,,Water Technology,2018-10-12 22:00:00,,
N0712A130003,Environmentální inženýrství a analýza,,Environmental Engeneering and Analysis,2018-10-12 22:00:00,,
N0712A130001,Průmyslová ekologie a toxikologie,,Industrial Ecology and Toxicology,2018-10-12 22:00:00,,
N0512A130003,Biochemie a buněčná biologie,,Biochemistry and Cell Biology,2018-10-12 22:00:00,,
N0512A130002,Přírodní látky a léčiva,,Natural Compounds and Pharmaceuticals,2018-10-12 22:00:00,,
B0588A140001,Bioinformatika a chemická informatika,,Bioinformatics and Chemical Informatics,2018-12-27 23:00:00,,
N0712A13A1039,Environmental Technology and Engineering (IMETE),,Environmental Technology and Engineering (IMETE),2016-07-28 22:00:00,,
B0711A130005,Chemie a chemické technologie,,Chemistry and Chemical Technologies,2018-10-12 22:00:00,,
B0711A130006,Chemie a technologie materiálů,,Chemistry and Technology of Materials,2018-10-12 22:00:00,,
B0711A13A1022,Technologie konzervování-restaurování objektů kulturního dědictví,,Technology of Conservation-Restoration of Cultural Heritage Objects,2018-10-26 22:00:00,,
B0711A13A1033,Syntéza a výroba léčiv,,Synthesis and Manufacturing of Pharmaceuticals,2018-10-26 22:00:00,,
B0711A130008,Chemie biomateriálů pro medicínské využití,,Chemistry of Biomaterials for medical applications,2018-10-26 22:00:00,,
B0712A130002,Voda a prostředí,,Water and Environment,2018-10-12 22:00:00,,
B0711A130007,Energie a paliva,,Energy and Fuels,2018-10-12 22:00:00,,
B0712A130003,Ekotoxikologie a environmentální analýza,,Ecotoxicology and Environmental Analysis,2018-10-12 22:00:00,,
B0512A130002,Biochemie a biotechnologie,,Biochemistry and Biotechnology,2018-10-12 22:00:00,,
B0512A130003,Forenzní analýza a analýza potravin,,Forensic Analysis and Food Analysis,2018-10-12 22:00:00,,
B0531A130008,Chemie,,Chemistry,2018-10-12 22:00:00,,
B0711A13A1032,Chemické inženýrství a bioinženýrství,,Chemical Engineering and Bioengineering,2018-10-12 22:00:00,,
B0531A130010,Analytická a forenzní chemie,,Analytical and Forensic Chemistry,2018-10-12 22:00:00,,
B0711A130003,Nano a mikrotechnologie v chemickém inženýrství,,Nano and Microtechnology in Chemical Engineering,2018-10-12 22:00:00,,
B0531A130009,Fyzikální a výpočetní chemie,,Physical and Computational Chemistry,2018-10-12 22:00:00,,
N0711A130002,Chemické technologie,,Chemical Technologies,2018-10-12 22:00:00,,
N0511A130001,Mikrobiologie a genové inženýrství,,Microbiology and Genetic Engineering,2018-10-12 22:00:00,,
N0711A130005,Biotechnologie a bioinženýrství,,Biotechnology and Bioengineering,2018-10-12 22:00:00,,
N0512A130004,Forenzní analýza,,Forensic Analysis,2018-10-12 22:00:00,,
N0531A130010,Chemie a analýza potravin a přírodních produktů,,Chemistry and Analysis of Food and Natural Products,2018-10-12 22:00:00,,
N0721A210001,Technologie potravin,,Food Technology,2018-08-15 22:00:00,,
N0711A130001,Chemické inženýrství a bioinženýrství,,Chemical Engineering and Bioengineering,2018-10-12 22:00:00,,
N0531A130008,Analytická chemie,,Analytical Chemistry,2018-10-12 22:00:00,,
N0531A130007,Fyzikální chemie,,Physical Chemistry,2018-10-12 22:00:00,,
P9999D03A1010,Bioinformatics,,,2019-01-04 00:00:00,,
P9999D03A1025,Bioinformatika,,,2019-01-04 00:00:00,,
N0714A15A1044,Senzorika a kybernetika v chemii,,Sensorics and Cybernetics in Chemistry,2019-03-07 23:00:00,,
